asset_id,event_type,event_category,event_subtype,team,home_team,away_team,competition,game_date,season,starttimecode,endtimecode,frame_rate,duration_seconds,json_file,mp4_file
01e150bf-b18c-4592-bdb4-5a40c65f8877,Red Card,red_card,Violent Behaviour,Home,Hellas Verona,AS Roma,Serie A,2024-11-03,2024-25,18:52:19:03,18:52:51:14,15,32.44,01e150bf-b18c-4592-bdb4-5a40c65f8877.json,01e150bf-b18c-4592-bdb4-5a40c65f8877.mp4
0293e19b-7281-4f97-b2e9-57b3cee260b2,Goal,goal,Kick,Away,Hellas Verona,FC Internazionale,Serie A,2024-11-23,2024-25,14:31:19:10,14:32:28:14,15,69.16,0293e19b-7281-4f97-b2e9-57b3cee260b2.json,0293e19b-7281-4f97-b2e9-57b3cee260b2.mp4
02e36da6-1d80-4f04-99a8-b4e79cd372a9,Yellow Card,yellow_card,Notes,Home,Genoa,Bologna,Serie A,2024-10-19,2024-25,14:43:31:00,14:44:55:17,15,84.68,02e36da6-1d80-4f04-99a8-b4e79cd372a9.json,02e36da6-1d80-4f04-99a8-b4e79cd372a9.mp4
04417a9b-86fc-4b3b-b386-06c7d00d112e,Yellow Card,yellow_card,Unsporting Behaviour,Away,Udinese,Cagliari,Serie A,2024-10-25,2024-25,16:34:15:20,16:34:41:02,15,25.28,04417a9b-86fc-4b3b-b386-06c7d00d112e.json,04417a9b-86fc-4b3b-b386-06c7d00d112e.mp4
05428760-6803-4fb4-94dc-dc5d47cf2e36,Goal,goal,Header,Home,Udinese,Torino,Serie A,2024-12-29,2024-25,12:39:58:09,12:41:00:09,15,62.0,05428760-6803-4fb4-94dc-dc5d47cf2e36.json,05428760-6803-4fb4-94dc-dc5d47cf2e36.mp4
05c9768f-ddff-42db-b8bd-3b4d50bcc85e,Yellow Card,yellow_card,Protesting,Home,Udinese,Cagliari,Serie A,2024-10-25,2024-25,17:51:36:07,17:52:04:19,15,28.48,05c9768f-ddff-42db-b8bd-3b4d50bcc85e.json,05c9768f-ddff-42db-b8bd-3b4d50bcc85e.mp4
0dddd37b-9822-4042-8fc0-37f3c190f7bd,Yellow Card,yellow_card,Protesting,Home,Hellas Verona,Venezia,Serie A,2024-10-04,2024-25,19:56:59:12,19:57:04:13,15,5.04,0dddd37b-9822-4042-8fc0-37f3c190f7bd.json,0dddd37b-9822-4042-8fc0-37f3c190f7bd.mp4
0f47426f-20b1-4661-80cc-c319e09d2ad6,Yellow Card,yellow_card,Unsporting Behaviour,Away,Cagliari,AC Milan,Serie A,2024-11-09,2024-25,18:23:14:23,18:23:48:01,15,33.12,0f47426f-20b1-4661-80cc-c319e09d2ad6.json,0f47426f-20b1-4661-80cc-c319e09d2ad6.mp4
10bb736c-2b80-45cc-af1b-8bed965de0e0,Goal,goal,Lucky Situation,Away,Hellas Verona,Atalanta,Serie A,2025-02-08,2024-25,14:20:13:08,14:21:13:22,15,60.56,10bb736c-2b80-45cc-af1b-8bed965de0e0.json,10bb736c-2b80-45cc-af1b-8bed965de0e0.mp4
14a5880a-a5d3-4435-889f-698b251aa880,Yellow Card,yellow_card,Violent Behaviour,Home,Hellas Verona,Juventus,Serie A,2024-08-26,2024-25,19:56:57:23,19:57:53:14,15,55.64,14a5880a-a5d3-4435-889f-698b251aa880.json,14a5880a-a5d3-4435-889f-698b251aa880.mp4
16cc86a3-9199-4858-8135-d147af856915,Goal,goal,Header,Home,Udinese,Lazio,Serie A,2024-08-24,2024-25,16:36:02:02,16:38:52:10,15,170.32,16cc86a3-9199-4858-8135-d147af856915.json,16cc86a3-9199-4858-8135-d147af856915.mp4
17292658-4194-4df3-935d-8fc61d7e570e,Yellow Card,yellow_card,Notes,Away,Udinese,Lazio,Serie A,2024-08-24,2024-25,18:13:21:09,18:14:11:23,15,50.56,17292658-4194-4df3-935d-8fc61d7e570e.json,17292658-4194-4df3-935d-8fc61d7e570e.mp4
18be34c4-56af-473f-98ff-9d16086d5606,Goal,goal,Kick,Home,Udinese,FC Internazionale,Serie A,2024-09-28,2024-25,14:42:57:19,14:43:59:23,15,62.16,18be34c4-56af-473f-98ff-9d16086d5606.json,18be34c4-56af-473f-98ff-9d16086d5606.mp4
1ad546f3-8aa8-4e16-8f7c-44ae7ed7e257,Yellow Card,yellow_card,Violent Behaviour,Home,Genoa,Hellas Verona,Serie A,2024-09-01,2024-25,16:10:34:16,16:11:12:22,15,38.24,1ad546f3-8aa8-4e16-8f7c-44ae7ed7e257.json,1ad546f3-8aa8-4e16-8f7c-44ae7ed7e257.mp4
1e3b0edd-e938-46eb-9369-2d5f61a7e18c,Goal,goal,Kick,Away,Hellas Verona,Monza,Serie A,2024-10-21,2024-25,20:17:05:07,20:18:17:09,15,72.08,1e3b0edd-e938-46eb-9369-2d5f61a7e18c.json,1e3b0edd-e938-46eb-9369-2d5f61a7e18c.mp4
2098fdc1-e20c-4f20-9741-af0e5d3df07c,Goal,goal,Header,Away,Cagliari,Napoli,Serie A,2024-09-15,2024-25,17:59:43:07,18:00:40:17,15,57.4,2098fdc1-e20c-4f20-9741-af0e5d3df07c.json,2098fdc1-e20c-4f20-9741-af0e5d3df07c.mp4
232a41b4-3b47-40bd-887e-05d57933a7d1,Yellow Card,yellow_card,Violent Behaviour,Home,Hellas Verona,FC Internazionale,Serie A,2024-11-23,2024-25,15:12:27:01,15:13:00:16,15,33.6,232a41b4-3b47-40bd-887e-05d57933a7d1.json,232a41b4-3b47-40bd-887e-05d57933a7d1.mp4
243b9373-415d-4e98-a41f-20e335227d66,Goal,goal,Kick,Home,Cagliari,AC Milan,Serie A,2024-11-09,2024-25,18:50:53:22,18:52:09:16,15,75.76,243b9373-415d-4e98-a41f-20e335227d66.json,243b9373-415d-4e98-a41f-20e335227d66.mp4
248dabb2-d69e-4534-ba16-18cbdfdf96cd,Goal,goal,Lucky Situation,Away,Udinese,Fiorentina,Serie A,2025-05-25,2024-25,20:32:19:06,20:33:49:18,15,90.48,248dabb2-d69e-4534-ba16-18cbdfdf96cd.json,248dabb2-d69e-4534-ba16-18cbdfdf96cd.mp4
25108c4b-7799-4d67-be6a-5c96fd19aa52,Goal,goal,Header,Away,Udinese,AC Milan,Serie A,2025-04-11,2024-25,19:30:45:21,19:32:08:09,15,82.52,25108c4b-7799-4d67-be6a-5c96fd19aa52.json,25108c4b-7799-4d67-be6a-5c96fd19aa52.mp4
25ef52de-6bfd-45df-8f6a-2e2bfdf5b473,Yellow Card,yellow_card,,Home,Udinese,Hellas Verona,Serie A,2025-03-15,2024-25,15:30:09:12,15:30:41:17,15,32.2,25ef52de-6bfd-45df-8f6a-2e2bfdf5b473.json,25ef52de-6bfd-45df-8f6a-2e2bfdf5b473.mp4
27d9af9e-6ac6-4dec-9720-66d8e490b4e0,Yellow Card,yellow_card,Unsporting Behaviour,Away,Genoa,Torino,Serie A,2024-12-07,2024-25,15:54:50:00,15:55:17:23,15,27.92,27d9af9e-6ac6-4dec-9720-66d8e490b4e0.json,27d9af9e-6ac6-4dec-9720-66d8e490b4e0.mp4
284cd1ae-b449-40dc-8597-e86c96e6b908,Red Card,red_card,Violent Behaviour,Away,Cagliari,Lecce,Serie A,2025-01-19,2024-25,15:27:53:15,15:30:28:14,15,154.96,284cd1ae-b449-40dc-8597-e86c96e6b908.json,284cd1ae-b449-40dc-8597-e86c96e6b908.mp4
298ee870-fa07-4629-a38f-0555fa86f137,Yellow Card,yellow_card,Unsporting Behaviour,Home,Hellas Verona,Lecce,Serie A,2025-05-11,2024-25,13:31:22:16,13:31:54:22,15,32.24,298ee870-fa07-4629-a38f-0555fa86f137.json,298ee870-fa07-4629-a38f-0555fa86f137.mp4
29a48af7-ba93-4b0a-83d7-03e713c02c11,Goal,goal,Kick,Home,Genoa,Venezia,Serie A,2025-02-17,2024-25,21:24:58:20,21:26:19:21,15,81.04,29a48af7-ba93-4b0a-83d7-03e713c02c11.json,29a48af7-ba93-4b0a-83d7-03e713c02c11.mp4
2a7f5de1-0bd9-4458-916e-bdcad72878fb,Yellow Card,yellow_card,Violent Behaviour,Home,Udinese,Lecce,Serie A,2024-10-05,2024-25,13:29:08:19,13:29:46:10,15,37.64,2a7f5de1-0bd9-4458-916e-bdcad72878fb.json,2a7f5de1-0bd9-4458-916e-bdcad72878fb.mp4
2b74de47-5710-4c0f-898e-144254b720aa,Goal,goal,Kick,Home,Cagliari,Parma,Serie A,2025-02-09,2024-25,15:26:53:15,15:28:13:18,15,80.12,2b74de47-5710-4c0f-898e-144254b720aa.json,2b74de47-5710-4c0f-898e-144254b720aa.mp4
2cbf76f9-163d-43d6-b589-5c36bf55bd47,Goal,goal,Kick,Away,Genoa,Hellas Verona,Serie A,2024-09-01,2024-25,16:55:33:10,16:56:30:16,15,57.24,2cbf76f9-163d-43d6-b589-5c36bf55bd47.json,2cbf76f9-163d-43d6-b589-5c36bf55bd47.mp4
2d8f5c93-885e-4882-9a2f-1dc723a6ab06,Red Card,red_card,Second Yellow Card,Home,Hellas Verona,Udinese,Serie A,2025-01-04,2024-25,21:16:40:07,21:17:25:11,15,45.16,2d8f5c93-885e-4882-9a2f-1dc723a6ab06.json,2d8f5c93-885e-4882-9a2f-1dc723a6ab06.mp4
2ea78436-fdc0-44d1-8bff-fac4185ca665,Yellow Card,yellow_card,Protesting,Away,Genoa,Como,Serie A,2024-11-07,2024-25,21:02:53:09,21:03:53:08,15,59.96,2ea78436-fdc0-44d1-8bff-fac4185ca665.json,2ea78436-fdc0-44d1-8bff-fac4185ca665.mp4
2f1c8be4-471f-4271-adbf-e403673d13ef,Red Card,red_card,Protesting,,Hellas Verona,Genoa,Serie A,2025-04-13,2024-25,14:31:10:14,14:31:22:23,15,12.36,2f1c8be4-471f-4271-adbf-e403673d13ef.json,2f1c8be4-471f-4271-adbf-e403673d13ef.mp4
2f6568f8-f9b1-4892-96eb-25426a0fc69a,Goal,goal,Kick,Away,Cagliari,Lecce,Serie A,2025-01-19,2024-25,14:41:19:14,14:42:35:07,15,75.72,2f6568f8-f9b1-4892-96eb-25426a0fc69a.json,2f6568f8-f9b1-4892-96eb-25426a0fc69a.mp4
3210fe3b-83bf-45f2-982f-2d0a0f94d3fa,Yellow Card,yellow_card,Unsporting Behaviour,Home,Hellas Verona,Torino,Serie A,2024-09-20,2024-25,19:04:03:03,19:04:47:24,15,44.84,3210fe3b-83bf-45f2-982f-2d0a0f94d3fa.json,3210fe3b-83bf-45f2-982f-2d0a0f94d3fa.mp4
32e26fd7-81f8-48f2-936e-d56a0b23f8f7,Yellow Card,yellow_card,Unsporting Behaviour,Home,Genoa,AS Roma,Serie A,2024-09-15,2024-25,12:06:17:00,12:06:47:02,15,30.08,32e26fd7-81f8-48f2-936e-d56a0b23f8f7.json,32e26fd7-81f8-48f2-936e-d56a0b23f8f7.mp4
3316b6dd-3fb1-42e4-868f-9777709b8709,Yellow Card,yellow_card,Unsporting Behaviour,Away,Cagliari,Como,Serie A,2024-08-26,2024-25,17:12:29:01,17:13:09:04,15,40.12,3316b6dd-3fb1-42e4-868f-9777709b8709.json,3316b6dd-3fb1-42e4-868f-9777709b8709.mp4
33fbeb98-c8eb-45b0-9700-bf00afeaea3d,Yellow Card,yellow_card,,Home,Udinese,Hellas Verona,Serie A,2025-03-15,2024-25,15:38:40:01,15:39:16:08,15,36.28,33fbeb98-c8eb-45b0-9700-bf00afeaea3d.json,33fbeb98-c8eb-45b0-9700-bf00afeaea3d.mp4
34465352-b201-4640-a45a-ef0f68f616f4,Yellow Card,yellow_card,Violent Behaviour,Away,Genoa,Monza,Serie A,2025-01-27,2024-25,20:14:04:12,20:14:39:19,15,35.28,34465352-b201-4640-a45a-ef0f68f616f4.json,34465352-b201-4640-a45a-ef0f68f616f4.mp4
34678d25-4276-461c-a583-249938dc06bc,Goal,goal,Kick,Home,Cagliari,Lecce,Serie A,2025-01-19,2024-25,15:40:01:06,15:41:14:19,15,73.52,34678d25-4276-461c-a583-249938dc06bc.json,34678d25-4276-461c-a583-249938dc06bc.mp4
34cf6b52-cc4d-4a11-8a0d-9ee60ac92318,Yellow Card,yellow_card,Unsporting Behaviour,Home,Cagliari,Genoa,Serie A,2025-03-07,2024-25,21:02:59:21,21:03:34:03,15,34.28,34cf6b52-cc4d-4a11-8a0d-9ee60ac92318.json,34cf6b52-cc4d-4a11-8a0d-9ee60ac92318.mp4
36b96466-0ab4-467e-ae18-64c84a1a489b,Yellow Card,yellow_card,Violent Behaviour,Away,Udinese,Genoa,Serie A,2024-12-01,2024-25,13:17:24:06,13:18:03:24,15,39.72,36b96466-0ab4-467e-ae18-64c84a1a489b.json,36b96466-0ab4-467e-ae18-64c84a1a489b.mp4
393e84cf-21fd-4cad-8a09-93834e8bb46c,Goal,goal,Kick,Away,Cagliari,AC Milan,Serie A,2024-11-09,2024-25,18:30:33:13,18:31:43:12,15,69.96,393e84cf-21fd-4cad-8a09-93834e8bb46c.json,393e84cf-21fd-4cad-8a09-93834e8bb46c.mp4
3992a403-8e16-486d-b14b-a4d45d3fcda0,Goal,goal,Header,Home,Cagliari,Lecce,Serie A,2025-01-19,2024-25,15:22:11:23,15:23:14:15,15,62.68,3992a403-8e16-486d-b14b-a4d45d3fcda0.json,3992a403-8e16-486d-b14b-a4d45d3fcda0.mp4
39e2689b-68e6-4fbf-b108-dbb6d0fd6c9c,Yellow Card,yellow_card,,Away,Cagliari,Udinese,Serie A,2025-05-03,2024-25,14:20:25:07,14:20:52:02,15,26.8,39e2689b-68e6-4fbf-b108-dbb6d0fd6c9c.json,39e2689b-68e6-4fbf-b108-dbb6d0fd6c9c.mp4
3b760a33-6a77-4b6d-8ea0-329b46d5c255,Yellow Card,yellow_card,Unsporting Behaviour,Home,Genoa,Como,Serie A,2024-11-07,2024-25,21:22:08:17,21:22:15:07,15,6.6,3b760a33-6a77-4b6d-8ea0-329b46d5c255.json,3b760a33-6a77-4b6d-8ea0-329b46d5c255.mp4
3d246819-628f-4991-8182-8da449fef696,Red Card,red_card,Violent Behaviour,Home,Hellas Verona,Torino,Serie A,2024-09-20,2024-25,19:06:13:10,19:07:58:07,15,104.88,3d246819-628f-4991-8182-8da449fef696.json,3d246819-628f-4991-8182-8da449fef696.mp4
3e179359-0e19-49f0-ae7f-681f783e1af7,Yellow Card,yellow_card,Unsporting Behaviour,Away,Genoa,Empoli,Serie A,2025-03-02,2024-25,14:36:50:17,14:37:19:09,15,28.68,3e179359-0e19-49f0-ae7f-681f783e1af7.json,3e179359-0e19-49f0-ae7f-681f783e1af7.mp4
3fa312f7-e3cd-4555-bc30-3c5494c061ed,Yellow Card,yellow_card,Violent Behaviour,Home,Udinese,Lecce,Serie A,2024-10-05,2024-25,14:29:56:15,14:30:31:17,15,35.08,3fa312f7-e3cd-4555-bc30-3c5494c061ed.json,3fa312f7-e3cd-4555-bc30-3c5494c061ed.mp4
4093d727-3a39-47c1-8275-4df1a792becc,Yellow Card,yellow_card,Unsporting Behaviour,Away,Cagliari,Atalanta,Serie A,2024-12-14,2024-25,15:47:02:19,15:47:19:18,15,16.96,4093d727-3a39-47c1-8275-4df1a792becc.json,4093d727-3a39-47c1-8275-4df1a792becc.mp4
40e46064-81db-4933-bd8d-33e11c6a5c4e,Goal,goal,Lucky Situation,Home,Udinese,Fiorentina,Serie A,2025-05-25,2024-25,20:10:37:07,20:11:47:08,15,70.04,40e46064-81db-4933-bd8d-33e11c6a5c4e.json,40e46064-81db-4933-bd8d-33e11c6a5c4e.mp4
4117f8b7-bc41-4e82-8cad-87d8be897d24,Goal,goal,Kick,Home,Genoa,Lecce,Serie A,2025-03-14,2024-25,20:01:28:11,20:02:44:22,15,76.44,4117f8b7-bc41-4e82-8cad-87d8be897d24.json,4117f8b7-bc41-4e82-8cad-87d8be897d24.mp4
43516a5f-92fe-4531-bcd1-e5910395bfd3,Yellow Card,yellow_card,Unsporting Behaviour,Away,Cagliari,Atalanta,Serie A,2024-12-14,2024-25,15:05:28:14,15:06:05:12,15,36.92,43516a5f-92fe-4531-bcd1-e5910395bfd3.json,43516a5f-92fe-4531-bcd1-e5910395bfd3.mp4
436fb505-debf-45c4-98cc-7e289d6747a1,Goal,goal,Kick,Away,Udinese,FC Internazionale,Serie A,2024-09-28,2024-25,14:06:57:16,14:08:25:16,15,88.0,436fb505-debf-45c4-98cc-7e289d6747a1.json,436fb505-debf-45c4-98cc-7e289d6747a1.mp4
44be7d94-3b66-4d7f-a2d5-451dc80332fa,Yellow Card,yellow_card,Violent Behaviour,Home,Genoa,Fiorentina,Serie A,2024-10-31,2024-25,19:21:45:00,19:22:50:03,15,65.12,44be7d94-3b66-4d7f-a2d5-451dc80332fa.json,44be7d94-3b66-4d7f-a2d5-451dc80332fa.mp4
44c9a1cc-45ec-4b43-9900-c853ce229692,Yellow Card,yellow_card,Violent Behaviour,Home,Udinese,Cagliari,Serie A,2024-10-25,2024-25,18:07:53:06,18:08:36:18,15,43.48,44c9a1cc-45ec-4b43-9900-c853ce229692.json,44c9a1cc-45ec-4b43-9900-c853ce229692.mp4
45d2fe63-2835-46d4-8e13-8bbebd43f54b,Goal,goal,Header,Home,Cagliari,Venezia,Serie A,2025-05-18,2024-25,18:59:57:18,19:01:17:14,15,79.84,45d2fe63-2835-46d4-8e13-8bbebd43f54b.json,45d2fe63-2835-46d4-8e13-8bbebd43f54b.mp4
45e9a2f4-da05-4adb-8efe-22b3b5169291,Goal,goal,Header,Home,Hellas Verona,Lecce,Serie A,2025-05-11,2024-25,13:40:56:06,13:42:00:09,15,64.12,45e9a2f4-da05-4adb-8efe-22b3b5169291.json,45e9a2f4-da05-4adb-8efe-22b3b5169291.mp4
4633951e-d27e-4b3a-babe-db49e3db538d,Yellow Card,yellow_card,Unsporting Behaviour,Home,Cagliari,Lecce,Serie A,2025-01-19,2024-25,15:51:30:08,15:56:30:00,15,299.68,4633951e-d27e-4b3a-babe-db49e3db538d.json,4633951e-d27e-4b3a-babe-db49e3db538d.mp4
47fcdc46-ed59-4433-ab8d-6a5a47d01ec7,Goal,goal,Kick,Away,Genoa,Fiorentina,Serie A,2024-10-31,2024-25,19:01:20:13,19:02:49:13,15,89.0,47fcdc46-ed59-4433-ab8d-6a5a47d01ec7.json,47fcdc46-ed59-4433-ab8d-6a5a47d01ec7.mp4
4ac90ef1-5968-490c-96b2-150c0b9a0f25,Yellow Card,yellow_card,Protesting,Away,Genoa,Parma,Serie A,2025-01-12,2024-25,12:09:41:19,12:09:58:24,15,17.2,4ac90ef1-5968-490c-96b2-150c0b9a0f25.json,4ac90ef1-5968-490c-96b2-150c0b9a0f25.mp4
4be6e8bb-e98d-4ef9-8765-7676b2f1f78a,Goal,goal,Lucky Situation,Home,Udinese,Empoli,Serie A,2025-02-16,2024-25,14:19:42:22,14:21:07:20,15,84.92,4be6e8bb-e98d-4ef9-8765-7676b2f1f78a.json,4be6e8bb-e98d-4ef9-8765-7676b2f1f78a.mp4
4e890609-251b-4344-bbf3-3a7f2118ebf9,Goal,goal,Kick,Home,Hellas Verona,Venezia,Serie A,2024-10-04,2024-25,18:55:08:19,18:56:12:13,15,63.76,4e890609-251b-4344-bbf3-3a7f2118ebf9.json,4e890609-251b-4344-bbf3-3a7f2118ebf9.mp4
4ecea338-d402-4c1c-b214-cdad62599c2d,Goal,goal,Kick,Away,Genoa,Bologna,Serie A,2024-10-19,2024-25,14:13:55:06,14:15:02:23,15,67.68,4ecea338-d402-4c1c-b214-cdad62599c2d.json,4ecea338-d402-4c1c-b214-cdad62599c2d.mp4
4fd9a433-4c8f-4fa4-b6fa-769d204bf55c,Goal,goal,Kick,Away,Cagliari,Udinese,Serie A,2025-05-03,2024-25,13:26:42:04,13:28:03:01,15,80.88,4fd9a433-4c8f-4fa4-b6fa-769d204bf55c.json,4fd9a433-4c8f-4fa4-b6fa-769d204bf55c.mp4
500fd182-7d34-48ba-862b-f25414d2533c,Red Card,red_card,Protesting,,Hellas Verona,AC Milan,Serie A,2024-12-20,2024-25,21:39:39:05,21:40:32:19,15,53.56,500fd182-7d34-48ba-862b-f25414d2533c.json,500fd182-7d34-48ba-862b-f25414d2533c.mp4
51e4fe59-b8ba-4bc9-a01b-31f6e8d587bb,Goal,goal,Kick,Away,Genoa,Juventus,Serie A,2024-09-28,2024-25,17:48:48:17,17:49:57:15,15,68.92,51e4fe59-b8ba-4bc9-a01b-31f6e8d587bb.json,51e4fe59-b8ba-4bc9-a01b-31f6e8d587bb.mp4
520c4a06-d0ed-40c1-a687-143618b426e0,Yellow Card,yellow_card,Unsporting Behaviour,Home,Hellas Verona,Empoli,Serie A,2024-12-08,2024-25,14:12:07:09,14:12:37:23,15,30.56,520c4a06-d0ed-40c1-a687-143618b426e0.json,520c4a06-d0ed-40c1-a687-143618b426e0.mp4
53a12a92-ef1b-4d4e-bb0a-a465510cc423,Goal,goal,Lucky Situation,Home,Genoa,Parma,Serie A,2025-01-12,2024-25,12:53:21:04,12:54:41:24,15,80.8,53a12a92-ef1b-4d4e-bb0a-a465510cc423.json,53a12a92-ef1b-4d4e-bb0a-a465510cc423.mp4
54b5576a-0862-4d0e-bf1b-c13625ba1f2a,Goal,goal,Kick,Away,Genoa,AS Roma,Serie A,2024-09-15,2024-25,11:09:29:08,11:16:13:02,15,403.76,54b5576a-0862-4d0e-bf1b-c13625ba1f2a.json,54b5576a-0862-4d0e-bf1b-c13625ba1f2a.mp4
55301bed-d86b-4046-b003-3d47536e017f,Yellow Card,yellow_card,Protesting,Away,Genoa,Parma,Serie A,2025-01-12,2024-25,13:02:41:13,13:03:12:14,15,31.04,55301bed-d86b-4046-b003-3d47536e017f.json,55301bed-d86b-4046-b003-3d47536e017f.mp4
553f46a3-f4ed-42c2-9534-ac766fab0419,Yellow Card,yellow_card,Unsporting Behaviour,Home,Udinese,Venezia,Serie A,2025-02-01,2024-25,15:50:30:19,15:51:26:06,15,55.48,553f46a3-f4ed-42c2-9534-ac766fab0419.json,553f46a3-f4ed-42c2-9534-ac766fab0419.mp4
58904873-57e4-43fb-96dd-ce200a8cc5b6,Goal,goal,Kick,Away,Hellas Verona,Torino,Serie A,2024-09-20,2024-25,20:24:50:03,20:26:15:04,15,85.04,58904873-57e4-43fb-96dd-ce200a8cc5b6.json,58904873-57e4-43fb-96dd-ce200a8cc5b6.mp4
597f1e3b-cd1f-47de-a999-f6ca1cf1c073,Goal,goal,Kick,Away,Udinese,Lazio,Serie A,2024-08-24,2024-25,18:28:16:19,18:28:50:19,15,34.0,597f1e3b-cd1f-47de-a999-f6ca1cf1c073.json,597f1e3b-cd1f-47de-a999-f6ca1cf1c073.mp4
5c663f65-29f4-43e8-a8b2-ee06d4508f24,Goal,goal,Kick,Away,Cagliari,Napoli,Serie A,2024-09-15,2024-25,17:37:25:23,17:38:40:16,15,74.72,5c663f65-29f4-43e8-a8b2-ee06d4508f24.json,5c663f65-29f4-43e8-a8b2-ee06d4508f24.mp4
5dec7794-08c2-4508-9777-c0e0c6f069d2,Goal,goal,Kick,Home,Hellas Verona,AS Roma,Serie A,2024-11-03,2024-25,17:12:45:24,17:13:44:14,15,58.6,5dec7794-08c2-4508-9777-c0e0c6f069d2.json,5dec7794-08c2-4508-9777-c0e0c6f069d2.mp4
5e66739f-d778-40be-984e-7d42f2fe331c,Goal,goal,Kick,Home,Udinese,Venezia,Serie A,2025-02-01,2024-25,15:43:18:17,15:44:37:02,15,78.4,5e66739f-d778-40be-984e-7d42f2fe331c.json,5e66739f-d778-40be-984e-7d42f2fe331c.mp4
5edc740e-c0ed-4dfa-83fd-92c7b0d8c840,Goal,goal,Lucky Situation,Away,Hellas Verona,Atalanta,Serie A,2025-02-08,2024-25,14:43:04:18,14:44:07:13,15,62.8,5edc740e-c0ed-4dfa-83fd-92c7b0d8c840.json,5edc740e-c0ed-4dfa-83fd-92c7b0d8c840.mp4
5f53b9ca-2964-45e6-be84-33a52f22321c,Yellow Card,yellow_card,Unsporting Behaviour,Away,Genoa,Hellas Verona,Serie A,2024-09-01,2024-25,15:50:47:13,15:51:32:18,15,45.2,5f53b9ca-2964-45e6-be84-33a52f22321c.json,5f53b9ca-2964-45e6-be84-33a52f22321c.mp4
5fab7077-1f3a-44e9-a6f3-a479afafd634,Goal,goal,Kick,Away,Hellas Verona,Lecce,Serie A,2025-05-11,2024-25,13:23:47:24,13:24:55:22,15,67.92,5fab7077-1f3a-44e9-a6f3-a479afafd634.json,5fab7077-1f3a-44e9-a6f3-a479afafd634.mp4
5fc9ff13-d424-48c9-9169-d4710e2852a4,Yellow Card,yellow_card,Violent Behaviour,Away,Genoa,AC Milan,Serie A,2025-05-05,2024-25,19:06:07:04,19:06:42:17,15,35.52,5fc9ff13-d424-48c9-9169-d4710e2852a4.json,5fc9ff13-d424-48c9-9169-d4710e2852a4.mp4
60886cf1-eea4-4c77-b750-667e9717a8bb,Goal,goal,Kick,Away,Hellas Verona,Empoli,Serie A,2024-12-08,2024-25,14:16:17:03,14:17:21:16,15,64.52,60886cf1-eea4-4c77-b750-667e9717a8bb.json,60886cf1-eea4-4c77-b750-667e9717a8bb.mp4
60b3e486-6c8f-4de3-a98c-ec9ada8e073e,Yellow Card,yellow_card,Violent Behaviour,Home,Udinese,Lazio,Serie A,2024-08-24,2024-25,17:02:22:07,17:03:02:02,15,39.8,60b3e486-6c8f-4de3-a98c-ec9ada8e073e.json,60b3e486-6c8f-4de3-a98c-ec9ada8e073e.mp4
60f4cb6e-d94c-4a30-91ba-4adb3b18690c,Goal,goal,Kick,Home,Cagliari,Fiorentina,Serie A,2025-04-23,2024-25,16:38:11:23,16:39:34:21,15,82.92,60f4cb6e-d94c-4a30-91ba-4adb3b18690c.json,60f4cb6e-d94c-4a30-91ba-4adb3b18690c.mp4
613b23e4-e83d-43c0-9806-290ac2d8cda3,Goal,goal,Kick,Home,Cagliari,Hellas Verona,Serie A,2024-11-29,2024-25,21:17:23:24,21:18:43:18,15,79.76,613b23e4-e83d-43c0-9806-290ac2d8cda3.json,613b23e4-e83d-43c0-9806-290ac2d8cda3.mp4
61775f27-9128-48f3-b36a-503960fe85e4,Yellow Card,yellow_card,Violent Behaviour,Away,Cagliari,Empoli,Serie A,2024-09-20,2024-25,17:51:22:16,17:51:59:20,15,37.16,61775f27-9128-48f3-b36a-503960fe85e4.json,61775f27-9128-48f3-b36a-503960fe85e4.mp4
6194a246-d9f6-412b-8256-e897e9c46e56,Goal,goal,Kick,Home,Udinese,Fiorentina,Serie A,2025-05-25,2024-25,19:15:18:05,19:16:16:24,15,58.76,6194a246-d9f6-412b-8256-e897e9c46e56.json,6194a246-d9f6-412b-8256-e897e9c46e56.mp4
628e3d79-4fec-41c1-af66-aeff0fc4e5ce,Yellow Card,yellow_card,Unsporting Behaviour,Home,Udinese,AC Milan,Serie A,2025-04-11,2024-25,20:17:17:19,20:19:01:08,15,103.56,628e3d79-4fec-41c1-af66-aeff0fc4e5ce.json,628e3d79-4fec-41c1-af66-aeff0fc4e5ce.mp4
63034495-3baf-4e47-bd7b-56d529f8ef0f,Goal,goal,Lucky Situation,Home,Hellas Verona,Bologna,Serie A,2025-03-09,2024-25,13:07:53:10,13:08:54:16,15,61.24,63034495-3baf-4e47-bd7b-56d529f8ef0f.json,63034495-3baf-4e47-bd7b-56d529f8ef0f.mp4
64a97e3e-e5b9-49f3-a775-0003612115d2,Goal,goal,Back Heel,Away,Udinese,Fiorentina,Serie A,2025-05-25,2024-25,20:06:37:17,20:07:48:18,15,71.04,64a97e3e-e5b9-49f3-a775-0003612115d2.json,64a97e3e-e5b9-49f3-a775-0003612115d2.mp4
6747022e-f00d-4b13-9c9a-166aea0a9b88,Goal,goal,Lucky Situation,Away,Udinese,Monza,Serie A,2025-05-11,2024-25,11:39:11:11,11:41:20:12,15,129.04,6747022e-f00d-4b13-9c9a-166aea0a9b88.json,6747022e-f00d-4b13-9c9a-166aea0a9b88.mp4
692c95fe-b147-4809-8da2-76a11663bcf9,Yellow Card,yellow_card,Violent Behaviour,Home,Udinese,Como,Serie A,2024-09-01,2024-25,20:36:27:22,20:37:10:07,15,42.4,692c95fe-b147-4809-8da2-76a11663bcf9.json,692c95fe-b147-4809-8da2-76a11663bcf9.mp4
6ba2b1ff-4267-4b9b-88cc-f6395b4fbf51,Yellow Card,yellow_card,Violent Behaviour,Away,Genoa,Udinese,Serie A,2025-04-04,2024-25,19:59:43:21,20:00:18:11,15,34.6,6ba2b1ff-4267-4b9b-88cc-f6395b4fbf51.json,6ba2b1ff-4267-4b9b-88cc-f6395b4fbf51.mp4
6bfd6ddf-fafa-427d-85b8-0be08fdef2a3,Yellow Card,yellow_card,,Away,Udinese,Hellas Verona,Serie A,2025-03-15,2024-25,15:19:08:05,15:19:30:01,15,21.84,6bfd6ddf-fafa-427d-85b8-0be08fdef2a3.json,6bfd6ddf-fafa-427d-85b8-0be08fdef2a3.mp4
6c196a8a-2c26-4186-b799-f7a1b915ce1e,Yellow Card,yellow_card,Unsporting Behaviour,Away,Cagliari,Monza,Serie A,2025-03-30,2024-25,11:55:09:02,11:55:44:08,15,35.24,6c196a8a-2c26-4186-b799-f7a1b915ce1e.json,6c196a8a-2c26-4186-b799-f7a1b915ce1e.mp4
6c6c933d-7030-43fa-b92c-c2b00391cc2a,Yellow Card,yellow_card,Unsporting Behaviour,Home,Cagliari,Torino,Serie A,2024-10-20,2024-25,17:18:54:10,17:19:17:23,15,23.52,6c6c933d-7030-43fa-b92c-c2b00391cc2a.json,6c6c933d-7030-43fa-b92c-c2b00391cc2a.mp4
6c727805-6590-41fa-b350-5acda7d5841e,Yellow Card,yellow_card,Unsporting Behaviour,Away,Cagliari,Como,Serie A,2024-08-26,2024-25,16:42:39:22,16:43:10:01,15,30.16,6c727805-6590-41fa-b350-5acda7d5841e.json,6c727805-6590-41fa-b350-5acda7d5841e.mp4
6d7d4261-b50a-4603-a9e7-61c8277a223a,Yellow Card,yellow_card,Unsporting Behaviour,Home,Genoa,Como,Serie A,2024-11-07,2024-25,21:27:43:03,21:28:22:23,15,39.8,6d7d4261-b50a-4603-a9e7-61c8277a223a.json,6d7d4261-b50a-4603-a9e7-61c8277a223a.mp4
6e194cca-d1e5-4506-b242-64ac5fc24af9,Goal,goal,Lucky Situation,Away,Cagliari,FC Internazionale,Serie A,2024-12-28,2024-25,18:12:49:17,18:14:03:21,15,74.16,6e194cca-d1e5-4506-b242-64ac5fc24af9.json,6e194cca-d1e5-4506-b242-64ac5fc24af9.mp4
6f4b6921-d615-4c61-ac96-16fd4e6dde56,Yellow Card,yellow_card,Violent Behaviour,Home,Udinese,Juventus,Serie A,2024-11-02,2024-25,18:44:15:24,18:44:41:04,15,25.2,6f4b6921-d615-4c61-ac96-16fd4e6dde56.json,6f4b6921-d615-4c61-ac96-16fd4e6dde56.mp4
6fcae684-b168-48a0-8bfa-a62f6c37a045,Yellow Card,yellow_card,Violent Behaviour,Away,Cagliari,AC Milan,Serie A,2024-11-09,2024-25,18:52:49:14,18:53:35:02,15,45.52,6fcae684-b168-48a0-8bfa-a62f6c37a045.json,6fcae684-b168-48a0-8bfa-a62f6c37a045.mp4
7191ef48-9d89-4899-a08b-754fd4631685,Yellow Card,yellow_card,Violent Behaviour,Away,Genoa,Fiorentina,Serie A,2024-10-31,2024-25,17:40:28:13,17:41:25:18,15,57.2,7191ef48-9d89-4899-a08b-754fd4631685.json,7191ef48-9d89-4899-a08b-754fd4631685.mp4
738afc56-6e3c-429b-9a61-3998523fd529,Goal,goal,Kick,Away,Hellas Verona,Atalanta,Serie A,2025-02-08,2024-25,15:13:08:17,15:14:20:20,15,72.12,738afc56-6e3c-429b-9a61-3998523fd529.json,738afc56-6e3c-429b-9a61-3998523fd529.mp4
745bd955-8d20-4b93-bf57-daeea9f4065d,Yellow Card,yellow_card,Violent Behaviour,Away,Genoa,Hellas Verona,Serie A,2024-09-01,2024-25,16:02:55:01,16:03:31:12,15,36.44,745bd955-8d20-4b93-bf57-daeea9f4065d.json,745bd955-8d20-4b93-bf57-daeea9f4065d.mp4
7802bdd9-0194-489c-83d2-ec32eaa73005,Yellow Card,yellow_card,Protesting,Home,Hellas Verona,Fiorentina,Serie A,2025-02-23,2024-25,14:38:39:01,14:38:59:20,15,20.76,7802bdd9-0194-489c-83d2-ec32eaa73005.json,7802bdd9-0194-489c-83d2-ec32eaa73005.mp4
7924a11f-0f87-4645-8fcd-45719029892d,Goal,goal,Header,Home,Genoa,AS Roma,Serie A,2024-09-15,2024-25,12:32:17:10,12:33:53:20,15,96.4,7924a11f-0f87-4645-8fcd-45719029892d.json,7924a11f-0f87-4645-8fcd-45719029892d.mp4
799423ac-fb61-4010-9e4e-7a4bad436067,Yellow Card,yellow_card,Violent Behaviour,Away,Hellas Verona,FC Internazionale,Serie A,2024-11-23,2024-25,15:49:21:17,15:49:44:07,15,22.6,799423ac-fb61-4010-9e4e-7a4bad436067.json,799423ac-fb61-4010-9e4e-7a4bad436067.mp4
7b4d75e9-88b8-4e08-89c5-50b7bbc0b7e6,Goal,goal,Kick,Home,Genoa,AC Milan,Serie A,2025-05-05,2024-25,20:06:33:09,20:08:07:07,15,93.92,7b4d75e9-88b8-4e08-89c5-50b7bbc0b7e6.json,7b4d75e9-88b8-4e08-89c5-50b7bbc0b7e6.mp4
7eba03c9-b8bc-4081-8d5d-5dd29e35614a,Yellow Card,yellow_card,Unsporting Behaviour,Home,Genoa,Empoli,Serie A,2025-03-02,2024-25,14:45:01:17,14:45:39:18,15,38.04,7eba03c9-b8bc-4081-8d5d-5dd29e35614a.json,7eba03c9-b8bc-4081-8d5d-5dd29e35614a.mp4
7fdf3783-8496-44c9-82cd-9942a515a737,Yellow Card,yellow_card,,Home,Genoa,Lazio,Serie A,2025-04-23,2024-25,18:16:06:03,18:16:41:02,15,34.96,7fdf3783-8496-44c9-82cd-9942a515a737.json,7fdf3783-8496-44c9-82cd-9942a515a737.mp4
80a40534-e12b-4929-9a49-428c044e09bf,Yellow Card,yellow_card,Violent Behaviour,Away,Cagliari,Torino,Serie A,2024-10-20,2024-25,16:14:45:19,16:15:19:21,15,34.08,80a40534-e12b-4929-9a49-428c044e09bf.json,80a40534-e12b-4929-9a49-428c044e09bf.mp4
8104d392-8939-47b5-9a0a-25be5e5ba295,Red Card,red_card,Second Yellow Card,Home,Udinese,Lazio,Serie A,2024-08-24,2024-25,18:01:34:14,18:02:21:23,15,47.36,8104d392-8939-47b5-9a0a-25be5e5ba295.json,8104d392-8939-47b5-9a0a-25be5e5ba295.mp4
81dea0eb-10fb-4cf3-8180-3bd12714ede0,Yellow Card,yellow_card,Violent Behaviour,Away,Udinese,Atalanta,Serie A,2025-01-11,2024-25,15:07:54:13,15:08:39:10,15,44.88,81dea0eb-10fb-4cf3-8180-3bd12714ede0.json,81dea0eb-10fb-4cf3-8180-3bd12714ede0.mp4
831f8db4-7fcd-494c-8a12-5b62e4cda981,Yellow Card,yellow_card,Violent Behaviour,Away,Cagliari,Venezia,Serie A,2025-05-18,2024-25,19:02:16:19,19:03:02:17,15,45.92,831f8db4-7fcd-494c-8a12-5b62e4cda981.json,831f8db4-7fcd-494c-8a12-5b62e4cda981.mp4
86573a61-f5a4-4001-810d-f87b67118b96,Goal,goal,Chip,Away,Genoa,FC Internazionale,Serie A,2024-08-17,2024-25,18:17:49:00,18:21:03:17,15,194.68,86573a61-f5a4-4001-810d-f87b67118b96.json,86573a61-f5a4-4001-810d-f87b67118b96.mp4
879e9fd9-276b-45e4-a86e-118c69792f7b,Goal,goal,Kick,Away,Udinese,Fiorentina,Serie A,2025-05-25,2024-25,19:56:29:17,19:57:29:24,15,60.28,879e9fd9-276b-45e4-a86e-118c69792f7b.json,879e9fd9-276b-45e4-a86e-118c69792f7b.mp4
8a52203c-2f7f-483f-a42b-cf012724d4a5,Yellow Card,yellow_card,Unsporting Behaviour,Home,Genoa,Lecce,Serie A,2025-03-14,2024-25,21:33:51:07,21:34:19:15,15,28.32,8a52203c-2f7f-483f-a42b-cf012724d4a5.json,8a52203c-2f7f-483f-a42b-cf012724d4a5.mp4
8a8d275d-c870-4e9f-ab30-10982c018cae,Goal,goal,Kick,Away,Cagliari,Empoli,Serie A,2024-09-20,2024-25,17:36:29:08,17:37:45:14,15,76.24,8a8d275d-c870-4e9f-ab30-10982c018cae.json,8a8d275d-c870-4e9f-ab30-10982c018cae.mp4
8bb3c00e-fafe-4323-813b-ef5254c9421e,Goal,goal,Chip,Away,Cagliari,AC Milan,Serie A,2024-11-09,2024-25,17:14:50:11,17:15:46:01,15,55.6,8bb3c00e-fafe-4323-813b-ef5254c9421e.json,8bb3c00e-fafe-4323-813b-ef5254c9421e.mp4
8c23e8b2-fbeb-4e9b-ac83-727af78144dd,Yellow Card,yellow_card,Violent Behaviour,Away,Genoa,Hellas Verona,Serie A,2024-09-01,2024-25,17:09:58:00,17:10:37:10,15,39.4,8c23e8b2-fbeb-4e9b-ac83-727af78144dd.json,8c23e8b2-fbeb-4e9b-ac83-727af78144dd.mp4
8cbd2586-1d1e-4327-95aa-b86ad826f662,Goal,goal,Header,Away,Cagliari,Parma,Serie A,2025-02-09,2024-25,15:34:48:23,15:35:42:22,15,53.96,8cbd2586-1d1e-4327-95aa-b86ad826f662.json,8cbd2586-1d1e-4327-95aa-b86ad826f662.mp4
8f339bc4-2eb4-48fb-ac35-13f2f860732e,Goal,goal,Header,Home,Cagliari,Lecce,Serie A,2025-01-19,2024-25,15:36:25:19,15:37:46:12,15,80.72,8f339bc4-2eb4-48fb-ac35-13f2f860732e.json,8f339bc4-2eb4-48fb-ac35-13f2f860732e.mp4
8f3d8da7-7bd9-48a3-bada-320eef5951a3,Goal,goal,Kick,Home,Genoa,Bologna,Serie A,2024-10-19,2024-25,14:31:15:03,14:32:15:11,15,60.32,8f3d8da7-7bd9-48a3-bada-320eef5951a3.json,8f3d8da7-7bd9-48a3-bada-320eef5951a3.mp4
92f55b2a-b77f-4a73-ae69-41cb62925b97,Goal,goal,Header,Away,Genoa,FC Internazionale,Serie A,2024-08-17,2024-25,17:02:48:13,17:04:09:05,15,80.68,92f55b2a-b77f-4a73-ae69-41cb62925b97.json,92f55b2a-b77f-4a73-ae69-41cb62925b97.mp4
93054aca-f859-4ec6-bd70-bb5eec99f1b1,Goal,goal,Overhead/Bicycle,Away,Genoa,Lazio,Serie A,2025-04-23,2024-25,17:03:41:20,17:04:58:17,15,76.88,93054aca-f859-4ec6-bd70-bb5eec99f1b1.json,93054aca-f859-4ec6-bd70-bb5eec99f1b1.mp4
93a4129f-60f0-4aa6-8643-ee73e43c1c67,Yellow Card,yellow_card,Violent Behaviour,Home,Genoa,AC Milan,Serie A,2025-05-05,2024-25,19:12:27:19,19:13:16:04,15,48.4,93a4129f-60f0-4aa6-8643-ee73e43c1c67.json,93a4129f-60f0-4aa6-8643-ee73e43c1c67.mp4
95b9a790-04e9-4d3a-b151-412b43274fa5,Goal,goal,Header,Home,Cagliari,Como,Serie A,2024-08-26,2024-25,17:14:45:04,17:16:03:01,15,77.88,95b9a790-04e9-4d3a-b151-412b43274fa5.json,95b9a790-04e9-4d3a-b151-412b43274fa5.mp4
96e948c3-21fe-4a4c-95f5-6de3b542c064,Goal,goal,Header,Away,Cagliari,Torino,Serie A,2024-10-20,2024-25,16:41:38:04,16:42:40:15,15,62.44,96e948c3-21fe-4a4c-95f5-6de3b542c064.json,96e948c3-21fe-4a4c-95f5-6de3b542c064.mp4
9759b61a-1eec-42f9-975b-1f23b0718c48,Yellow Card,yellow_card,Violent Behaviour,Home,Genoa,Venezia,Serie A,2025-02-17,2024-25,19:58:21:00,19:59:04:07,15,43.28,9759b61a-1eec-42f9-975b-1f23b0718c48.json,9759b61a-1eec-42f9-975b-1f23b0718c48.mp4
982d1473-a0b1-456a-be6f-7d95ce1acd3f,Goal,goal,Kick,Home,Genoa,Lecce,Serie A,2025-03-14,2024-25,20:32:39:02,20:33:53:19,15,74.68,982d1473-a0b1-456a-be6f-7d95ce1acd3f.json,982d1473-a0b1-456a-be6f-7d95ce1acd3f.mp4
982d27f2-a802-4893-b56e-aa2dcbc331df,Yellow Card,yellow_card,Protesting,Home,Genoa,Bologna,Serie A,2024-10-19,2024-25,13:41:14:03,13:42:02:02,15,47.96,982d27f2-a802-4893-b56e-aa2dcbc331df.json,982d27f2-a802-4893-b56e-aa2dcbc331df.mp4
98eb369a-5536-4a20-8e03-5cff52fdaadb,Red Card,red_card,Unsporting Behaviour,Home,Hellas Verona,Cagliari,Serie A,2025-04-28,2024-25,20:31:19:19,20:32:23:10,15,63.64,98eb369a-5536-4a20-8e03-5cff52fdaadb.json,98eb369a-5536-4a20-8e03-5cff52fdaadb.mp4
9a090625-9966-4163-92c8-0a99e3b4d2f5,Goal,goal,Kick,Away,Cagliari,Empoli,Serie A,2024-09-20,2024-25,17:03:26:24,17:04:48:20,15,81.84,9a090625-9966-4163-92c8-0a99e3b4d2f5.json,9a090625-9966-4163-92c8-0a99e3b4d2f5.mp4
9ae098e1-df78-44c7-a1dc-9075aa81ac08,Goal,goal,Kick,Home,Cagliari,Udinese,Serie A,2025-05-03,2024-25,13:34:46:09,13:36:07:01,15,80.68,9ae098e1-df78-44c7-a1dc-9075aa81ac08.json,9ae098e1-df78-44c7-a1dc-9075aa81ac08.mp4
9b5d1e55-5e95-48ec-90c5-7a3897005fb8,Yellow Card,yellow_card,Violent Behaviour,Home,Hellas Verona,Napoli,Serie A,2024-08-18,2024-25,17:00:46:07,17:01:09:19,15,23.48,9b5d1e55-5e95-48ec-90c5-7a3897005fb8.json,9b5d1e55-5e95-48ec-90c5-7a3897005fb8.mp4
9d5b88c4-12bd-43e0-b5df-d443e4157ca3,Yellow Card,yellow_card,Unsporting Behaviour,Away,Genoa,AC Milan,Serie A,2025-05-05,2024-25,20:30:20:06,20:30:58:20,15,38.56,9d5b88c4-12bd-43e0-b5df-d443e4157ca3.json,9d5b88c4-12bd-43e0-b5df-d443e4157ca3.mp4
9e23c800-bbef-4e79-8d18-835bfedb6fa7,Goal,goal,Kick,Away,Genoa,Juventus,Serie A,2024-09-28,2024-25,17:07:11:19,17:08:37:17,15,85.92,9e23c800-bbef-4e79-8d18-835bfedb6fa7.json,9e23c800-bbef-4e79-8d18-835bfedb6fa7.mp4
9ec7610d-cc7c-409f-bbb5-f1ee9ff54a1d,Goal,goal,Kick,Away,Udinese,AC Milan,Serie A,2025-04-11,2024-25,19:27:04:06,19:28:20:19,15,76.52,9ec7610d-cc7c-409f-bbb5-f1ee9ff54a1d.json,9ec7610d-cc7c-409f-bbb5-f1ee9ff54a1d.mp4
9f361117-6a8d-430d-bebd-b9fcf5f015e1,Yellow Card,yellow_card,Protesting,Home,Udinese,Como,Serie A,2024-09-01,2024-25,20:26:11:13,20:26:51:24,15,40.44,9f361117-6a8d-430d-bebd-b9fcf5f015e1.json,9f361117-6a8d-430d-bebd-b9fcf5f015e1.mp4
9fb336dd-7b5f-4ebb-a5d9-e86a52a55534,Goal,goal,Kick,Away,Genoa,Lecce,Serie A,2025-03-14,2024-25,21:12:06:03,21:13:40:17,15,94.56,9fb336dd-7b5f-4ebb-a5d9-e86a52a55534.json,9fb336dd-7b5f-4ebb-a5d9-e86a52a55534.mp4
a1c5af94-dcc2-4988-a48d-48b777a275be,Yellow Card,yellow_card,,Home,Hellas Verona,Genoa,Serie A,2025-04-13,2024-25,13:23:01:00,13:23:33:06,15,32.24,a1c5af94-dcc2-4988-a48d-48b777a275be.json,a1c5af94-dcc2-4988-a48d-48b777a275be.mp4
a21e6d2e-d3c5-4427-8a40-b3462b2ccdb5,Goal,goal,Kick,Away,Hellas Verona,Empoli,Serie A,2024-12-08,2024-25,14:19:18:03,14:20:27:03,15,69.0,a21e6d2e-d3c5-4427-8a40-b3462b2ccdb5.json,a21e6d2e-d3c5-4427-8a40-b3462b2ccdb5.mp4
a2c0f37f-7871-462b-a3e8-d752548d4deb,Goal,goal,Kick,Home,Cagliari,Monza,Serie A,2025-03-30,2024-25,12:19:51:02,12:21:20:07,15,89.2,a2c0f37f-7871-462b-a3e8-d752548d4deb.json,a2c0f37f-7871-462b-a3e8-d752548d4deb.mp4
a33c713c-f5fa-49fe-8469-e4e331f9ad17,Goal,goal,Kick,Away,Hellas Verona,Juventus,Serie A,2024-08-26,2024-25,19:13:34:05,19:14:41:09,15,67.16,a33c713c-f5fa-49fe-8469-e4e331f9ad17.json,a33c713c-f5fa-49fe-8469-e4e331f9ad17.mp4
a62cc7be-be78-4d43-a6ec-e0506a7cf7d7,Yellow Card,yellow_card,Unsporting Behaviour,Home,Hellas Verona,Torino,Serie A,2024-09-20,2024-25,20:39:15:16,20:40:14:09,15,58.72,a62cc7be-be78-4d43-a6ec-e0506a7cf7d7.json,a62cc7be-be78-4d43-a6ec-e0506a7cf7d7.mp4
a6fc9646-2d14-4c47-ab75-60f4e17f8e59,Goal,goal,Kick,Away,Genoa,Juventus,Serie A,2024-09-28,2024-25,17:13:59:15,17:15:16:14,15,76.96,a6fc9646-2d14-4c47-ab75-60f4e17f8e59.json,a6fc9646-2d14-4c47-ab75-60f4e17f8e59.mp4
a82a4d1f-1874-4e9d-aa27-cc52c8a1ab64,Goal,goal,Kick,Away,Hellas Verona,Empoli,Serie A,2024-12-08,2024-25,14:41:53:06,14:42:49:07,15,56.04,a82a4d1f-1874-4e9d-aa27-cc52c8a1ab64.json,a82a4d1f-1874-4e9d-aa27-cc52c8a1ab64.mp4
a856b03a-0612-466b-a5c5-410534165d91,Goal,goal,Kick,Home,Genoa,Venezia,Serie A,2025-02-17,2024-25,21:29:15:16,21:30:56:04,15,100.52,a856b03a-0612-466b-a5c5-410534165d91.json,a856b03a-0612-466b-a5c5-410534165d91.mp4
a901b921-bccc-477b-b64e-427ac2855eb1,Goal,goal,Kick,Home,Udinese,Monza,Serie A,2025-05-11,2024-25,12:02:16:20,12:03:27:08,15,70.52,a901b921-bccc-477b-b64e-427ac2855eb1.json,a901b921-bccc-477b-b64e-427ac2855eb1.mp4
a930f378-8f7c-405a-b650-b8cc620b9182,Yellow Card,yellow_card,Protesting,Home,Genoa,Cagliari,Serie A,2024-11-24,2024-25,13:15:18:01,13:16:01:20,15,43.76,a930f378-8f7c-405a-b650-b8cc620b9182.json,a930f378-8f7c-405a-b650-b8cc620b9182.mp4
aa172233-93b8-43c8-9535-da430f8e234a,Yellow Card,yellow_card,Unsporting Behaviour,Away,Hellas Verona,Como,Serie A,2025-05-18,2024-25,19:32:36:09,19:33:24:06,15,47.88,aa172233-93b8-43c8-9535-da430f8e234a.json,aa172233-93b8-43c8-9535-da430f8e234a.mp4
ac025899-75aa-4798-abf3-de1ef639f206,Goal,goal,Free kick shot,Away,Udinese,Venezia,Serie A,2025-02-01,2024-25,15:23:26:03,15:24:06:07,15,40.16,ac025899-75aa-4798-abf3-de1ef639f206.json,ac025899-75aa-4798-abf3-de1ef639f206.mp4
ae213f38-8666-490a-9f40-0199604ee306,Goal,goal,Kick,Home,Genoa,Udinese,Serie A,2025-04-04,2024-25,20:20:35:14,20:22:21:19,15,106.2,ae213f38-8666-490a-9f40-0199604ee306.json,ae213f38-8666-490a-9f40-0199604ee306.mp4
af056a97-f339-43ec-93c3-668f1d6232fa,Goal,goal,Kick,Away,Udinese,Napoli,Serie A,2024-12-14,2024-25,18:40:01:15,18:41:10:23,15,69.32,af056a97-f339-43ec-93c3-668f1d6232fa.json,af056a97-f339-43ec-93c3-668f1d6232fa.mp4
affd8f25-4cac-4be4-bc81-0c54de13429b,Goal,goal,Kick,Away,Genoa,Cagliari,Serie A,2024-11-24,2024-25,11:38:33:17,11:39:44:00,15,70.32,affd8f25-4cac-4be4-bc81-0c54de13429b.json,affd8f25-4cac-4be4-bc81-0c54de13429b.mp4
b00d28e6-5f31-43f3-8a2f-78d240ca6b36,Yellow Card,yellow_card,Violent Behaviour,Away,Hellas Verona,Napoli,Serie A,2024-08-18,2024-25,18:22:12:18,18:22:49:24,15,37.24,b00d28e6-5f31-43f3-8a2f-78d240ca6b36.json,b00d28e6-5f31-43f3-8a2f-78d240ca6b36.mp4
b15ac4cc-5c0c-456d-8e4f-4a8c3b3aef55,Yellow Card,yellow_card,Unsporting Behaviour,Home,Hellas Verona,Bologna,Serie A,2025-03-09,2024-25,12:57:59:17,12:58:57:24,15,58.28,b15ac4cc-5c0c-456d-8e4f-4a8c3b3aef55.json,b15ac4cc-5c0c-456d-8e4f-4a8c3b3aef55.mp4
b3ca44d1-fd76-456a-ad62-1018d419d3fa,Goal,goal,Kick,Home,Cagliari,Genoa,Serie A,2025-03-07,2024-25,20:02:45:02,20:04:07:18,15,82.64,b3ca44d1-fd76-456a-ad62-1018d419d3fa.json,b3ca44d1-fd76-456a-ad62-1018d419d3fa.mp4
b4332010-7193-417c-9d68-759f09adbf58,Yellow Card,yellow_card,,Home,Udinese,Hellas Verona,Serie A,2025-03-15,2024-25,15:09:19:16,15:09:45:07,15,25.64,b4332010-7193-417c-9d68-759f09adbf58.json,b4332010-7193-417c-9d68-759f09adbf58.mp4
b48cc3f3-88ab-4230-b50e-5c9f4b57adc7,Goal,goal,Kick,Home,Genoa,Cagliari,Serie A,2024-11-24,2024-25,12:48:01:13,12:49:07:15,15,66.08,b48cc3f3-88ab-4230-b50e-5c9f4b57adc7.json,b48cc3f3-88ab-4230-b50e-5c9f4b57adc7.mp4
b56a064d-1928-4765-a5e8-a01bfa09befe,Goal,goal,Kick,Home,Udinese,Venezia,Serie A,2025-02-01,2024-25,15:06:54:10,15:08:11:03,15,76.72,b56a064d-1928-4765-a5e8-a01bfa09befe.json,b56a064d-1928-4765-a5e8-a01bfa09befe.mp4
b5e30d26-85d4-43eb-9fbf-89153f7857f4,Goal,goal,Kick,Away,Hellas Verona,FC Internazionale,Serie A,2024-11-23,2024-25,14:24:48:04,14:25:51:24,15,63.8,b5e30d26-85d4-43eb-9fbf-89153f7857f4.json,b5e30d26-85d4-43eb-9fbf-89153f7857f4.mp4
b6e30c6c-b0de-4508-b39c-b6bf08b7c55b,Goal,goal,Kick,Away,Cagliari,Genoa,Serie A,2025-03-07,2024-25,20:49:27:02,20:50:31:10,15,64.32,b6e30c6c-b0de-4508-b39c-b6bf08b7c55b.json,b6e30c6c-b0de-4508-b39c-b6bf08b7c55b.mp4
b8cce5d5-6cb5-4d5c-bf8c-559d0632cfb4,Goal,goal,Kick,Home,Udinese,Parma,Serie A,2025-03-01,2024-25,20:25:17:08,20:26:08:24,15,51.64,b8cce5d5-6cb5-4d5c-bf8c-559d0632cfb4.json,b8cce5d5-6cb5-4d5c-bf8c-559d0632cfb4.mp4
ba58ee62-965f-44c1-86cb-dd8f3ff6b09c,Goal,goal,Kick,Away,Hellas Verona,Atalanta,Serie A,2025-02-08,2024-25,14:36:26:05,14:37:32:14,15,66.36,ba58ee62-965f-44c1-86cb-dd8f3ff6b09c.json,ba58ee62-965f-44c1-86cb-dd8f3ff6b09c.mp4
bacd46e6-4f16-4128-9625-92bf99940420,Goal,goal,Kick,Away,Udinese,Torino,Serie A,2024-12-29,2024-25,12:54:14:14,12:55:34:04,15,79.6,bacd46e6-4f16-4128-9625-92bf99940420.json,bacd46e6-4f16-4128-9625-92bf99940420.mp4
bb4eafb4-56cb-4530-bc61-911a33f2de0d,Goal,goal,Header,Home,Genoa,Monza,Serie A,2025-01-27,2024-25,21:06:34:17,21:07:45:08,15,70.64,bb4eafb4-56cb-4530-bc61-911a33f2de0d.json,bb4eafb4-56cb-4530-bc61-911a33f2de0d.mp4
be3f8eb5-fedf-42b1-9686-89ec9d8b6f11,Yellow Card,yellow_card,Unsporting Behaviour,Away,Genoa,AC Milan,Serie A,2025-05-05,2024-25,20:38:20:11,20:38:37:06,15,16.8,be3f8eb5-fedf-42b1-9686-89ec9d8b6f11.json,be3f8eb5-fedf-42b1-9686-89ec9d8b6f11.mp4
bec555b3-e1e0-4a61-be4c-9c9888992ceb,Goal,goal,Kick,Home,Cagliari,Venezia,Serie A,2025-05-18,2024-25,20:21:57:06,20:23:25:07,15,88.04,bec555b3-e1e0-4a61-be4c-9c9888992ceb.json,bec555b3-e1e0-4a61-be4c-9c9888992ceb.mp4
c181a26c-a137-4bc5-aee5-30c2266ec988,Goal,goal,Header,Home,Cagliari,Monza,Serie A,2025-03-30,2024-25,11:36:44:23,11:38:11:12,15,86.56,c181a26c-a137-4bc5-aee5-30c2266ec988.json,c181a26c-a137-4bc5-aee5-30c2266ec988.mp4
c31aedf8-abaf-4671-b0a4-891161b8af80,Yellow Card,yellow_card,Unsporting Behaviour,Away,Genoa,Lazio,Serie A,2025-04-23,2024-25,17:19:48:13,17:20:01:11,15,12.92,c31aedf8-abaf-4671-b0a4-891161b8af80.json,c31aedf8-abaf-4671-b0a4-891161b8af80.mp4
c3db5570-6cad-40a3-a3b3-5d29b6f4a1bd,Yellow Card,yellow_card,Unsporting Behaviour,Home,Cagliari,Lecce,Serie A,2025-01-19,2024-25,15:37:40:07,15:37:47:06,15,6.96,c3db5570-6cad-40a3-a3b3-5d29b6f4a1bd.json,c3db5570-6cad-40a3-a3b3-5d29b6f4a1bd.mp4
c4d98eff-53aa-4b7c-af13-b86fdff92c09,Yellow Card,yellow_card,Unsporting Behaviour,Home,Hellas Verona,Parma,Serie A,2025-03-31,2024-25,17:53:42:06,17:54:21:20,15,39.56,c4d98eff-53aa-4b7c-af13-b86fdff92c09.json,c4d98eff-53aa-4b7c-af13-b86fdff92c09.mp4
c7823cf6-27df-4620-8365-38a34501dfa3,Goal,goal,Chip,Away,Hellas Verona,FC Internazionale,Serie A,2024-11-23,2024-25,14:17:23:06,14:18:29:05,15,65.96,c7823cf6-27df-4620-8365-38a34501dfa3.json,c7823cf6-27df-4620-8365-38a34501dfa3.mp4
c7e74cc0-c45a-4aaf-8678-ce859ce0cc34,Yellow Card,yellow_card,Unsporting Behaviour,Home,Hellas Verona,Lecce,Serie A,2025-05-11,2024-25,13:15:13:02,13:15:43:07,15,30.2,c7e74cc0-c45a-4aaf-8678-ce859ce0cc34.json,c7e74cc0-c45a-4aaf-8678-ce859ce0cc34.mp4
c8a07bc3-1d20-4d7e-a98e-304e2d0dd8ed,Yellow Card,yellow_card,Unsporting Behaviour,Home,Genoa,FC Internazionale,Serie A,2024-08-17,2024-25,17:58:45:17,17:59:12:12,15,26.8,c8a07bc3-1d20-4d7e-a98e-304e2d0dd8ed.json,c8a07bc3-1d20-4d7e-a98e-304e2d0dd8ed.mp4
c93073ad-e03a-42d5-a532-9bfb311ee9f5,Yellow Card,yellow_card,Unsporting Behaviour,Home,Udinese,Venezia,Serie A,2025-02-01,2024-25,15:34:31:08,15:34:59:10,15,28.08,c93073ad-e03a-42d5-a532-9bfb311ee9f5.json,c93073ad-e03a-42d5-a532-9bfb311ee9f5.mp4
cbd329fa-397b-48ea-8bfe-1215977d3e2b,Red Card,red_card,Last Man Foul,Home,Genoa,Lazio,Serie A,2025-04-23,2024-25,16:52:52:09,16:53:39:24,15,47.6,cbd329fa-397b-48ea-8bfe-1215977d3e2b.json,cbd329fa-397b-48ea-8bfe-1215977d3e2b.mp4
cbd5c062-7124-4b69-af21-9335072ce134,Yellow Card,yellow_card,Violent Behaviour,Home,Genoa,Cagliari,Serie A,2024-11-24,2024-25,13:08:01:24,13:08:43:21,15,41.88,cbd5c062-7124-4b69-af21-9335072ce134.json,cbd5c062-7124-4b69-af21-9335072ce134.mp4
cd5da3c7-af90-44a1-a7e7-1c45f367ecc2,Yellow Card,yellow_card,Violent Behaviour,Home,Hellas Verona,Atalanta,Serie A,2025-02-08,2024-25,14:16:04:05,14:16:33:16,15,29.44,cd5da3c7-af90-44a1-a7e7-1c45f367ecc2.json,cd5da3c7-af90-44a1-a7e7-1c45f367ecc2.mp4
cef7b000-9535-47e3-82d4-469972c6d6ea,Goal,goal,Kick,Home,Cagliari,AC Milan,Serie A,2024-11-09,2024-25,17:01:06:04,17:02:08:03,15,61.96,cef7b000-9535-47e3-82d4-469972c6d6ea.json,cef7b000-9535-47e3-82d4-469972c6d6ea.mp4
d0fcbd33-d210-49ef-9229-49037275220c,Goal,goal,Header,Home,Genoa,Bologna,Serie A,2024-10-19,2024-25,14:43:16:19,14:44:34:02,15,77.32,d0fcbd33-d210-49ef-9229-49037275220c.json,d0fcbd33-d210-49ef-9229-49037275220c.mp4
d1e25d37-d078-42e1-82e3-4f71b129b88f,Yellow Card,yellow_card,Unsporting Behaviour,Away,Genoa,AC Milan,Serie A,2025-05-05,2024-25,20:27:50:05,20:28:25:00,15,34.8,d1e25d37-d078-42e1-82e3-4f71b129b88f.json,d1e25d37-d078-42e1-82e3-4f71b129b88f.mp4
d3924954-75d3-4a36-9f6e-ccd3d086af77,Goal,goal,Kick,Home,Genoa,Como,Serie A,2024-11-07,2024-25,21:34:25:11,21:35:38:19,15,73.32,d3924954-75d3-4a36-9f6e-ccd3d086af77.json,d3924954-75d3-4a36-9f6e-ccd3d086af77.mp4
d44098d9-d2e9-4d74-9164-7e39c24e568d,Yellow Card,yellow_card,Violent Behaviour,Away,Cagliari,Genoa,Serie A,2025-03-07,2024-25,21:08:02:08,21:08:31:13,15,29.2,d44098d9-d2e9-4d74-9164-7e39c24e568d.json,d44098d9-d2e9-4d74-9164-7e39c24e568d.mp4
d4e31f91-cab0-41bc-a048-eaf83f234de8,Goal,goal,Kick,Away,Cagliari,Udinese,Serie A,2025-05-03,2024-25,14:24:23:14,14:25:36:09,15,72.8,d4e31f91-cab0-41bc-a048-eaf83f234de8.json,d4e31f91-cab0-41bc-a048-eaf83f234de8.mp4
d59d16b8-a0d9-46e5-92bf-1d68b66b8cce,Goal,goal,Kick,Away,Hellas Verona,Bologna,Serie A,2025-03-09,2024-25,13:06:16:10,13:07:40:00,15,83.6,d59d16b8-a0d9-46e5-92bf-1d68b66b8cce.json,d59d16b8-a0d9-46e5-92bf-1d68b66b8cce.mp4
d6174d3f-a452-40ce-b663-44dc738d64b4,Yellow Card,yellow_card,Unsporting Behaviour,Home,Hellas Verona,AS Roma,Serie A,2024-11-03,2024-25,18:37:33:15,18:38:13:15,15,40.0,d6174d3f-a452-40ce-b663-44dc738d64b4.json,d6174d3f-a452-40ce-b663-44dc738d64b4.mp4
d9273bda-f4bc-485f-9377-2b6a0f9a26cb,Red Card,red_card,Violent Behaviour,Home,Udinese,Genoa,Serie A,2024-12-01,2024-25,11:33:36:14,11:36:21:07,15,164.72,d9273bda-f4bc-485f-9377-2b6a0f9a26cb.json,d9273bda-f4bc-485f-9377-2b6a0f9a26cb.mp4
dc91a74d-1183-4bae-b023-3a027b3f3a99,Yellow Card,yellow_card,Unsporting Behaviour,Away,Hellas Verona,Lazio,Serie A,2025-01-19,2024-25,18:30:03:11,18:30:20:10,15,16.96,dc91a74d-1183-4bae-b023-3a027b3f3a99.json,dc91a74d-1183-4bae-b023-3a027b3f3a99.mp4
dcf03cdd-26a3-4ce4-a4d7-607edc5f452c,Goal,goal,Kick,Home,Udinese,Lecce,Serie A,2024-10-05,2024-25,14:33:52:16,14:35:07:12,15,74.84,dcf03cdd-26a3-4ce4-a4d7-607edc5f452c.json,dcf03cdd-26a3-4ce4-a4d7-607edc5f452c.mp4
ddf0f5a3-1e5b-447e-bebf-faca53d73641,Yellow Card,yellow_card,Violent Behaviour,Away,Udinese,Fiorentina,Serie A,2025-05-25,2024-25,20:08:33:10,20:09:35:15,15,62.2,ddf0f5a3-1e5b-447e-bebf-faca53d73641.json,ddf0f5a3-1e5b-447e-bebf-faca53d73641.mp4
df3b87eb-55af-4fc2-9e0e-0555e32b83d5,Goal,goal,Header,Away,Hellas Verona,Juventus,Serie A,2024-08-26,2024-25,19:24:52:24,19:26:18:04,15,85.2,df3b87eb-55af-4fc2-9e0e-0555e32b83d5.json,df3b87eb-55af-4fc2-9e0e-0555e32b83d5.mp4
e65154b6-207e-4934-8252-2b153f98da70,Yellow Card,yellow_card,Unsporting Behaviour,Away,Genoa,Hellas Verona,Serie A,2024-09-01,2024-25,17:07:44:00,17:08:24:01,15,40.04,e65154b6-207e-4934-8252-2b153f98da70.json,e65154b6-207e-4934-8252-2b153f98da70.mp4
e7afd4b7-1da3-4e94-ae02-4fc093b41ae9,Goal,goal,Kick,Away,Hellas Verona,AS Roma,Serie A,2024-11-03,2024-25,17:27:27:20,17:28:23:17,15,55.88,e7afd4b7-1da3-4e94-ae02-4fc093b41ae9.json,e7afd4b7-1da3-4e94-ae02-4fc093b41ae9.mp4
e7cf3cda-06d7-437a-9009-5861e142c4d4,Yellow Card,yellow_card,Unsporting Behaviour,Home,Cagliari,Atalanta,Serie A,2024-12-14,2024-25,15:42:04:02,15:42:31:14,15,27.48,e7cf3cda-06d7-437a-9009-5861e142c4d4.json,e7cf3cda-06d7-437a-9009-5861e142c4d4.mp4
e8ed5ec5-9793-4f14-a9ca-1a05e09eab0a,Yellow Card,yellow_card,Violent Behaviour,Home,Genoa,Bologna,Serie A,2024-10-19,2024-25,14:21:43:10,14:22:30:08,15,46.92,e8ed5ec5-9793-4f14-a9ca-1a05e09eab0a.json,e8ed5ec5-9793-4f14-a9ca-1a05e09eab0a.mp4
e9e25ddc-188e-4336-89f3-089e1f93d7e4,Goal,goal,Kick,Away,Cagliari,FC Internazionale,Serie A,2024-12-28,2024-25,18:37:39:21,18:38:38:15,15,58.76,e9e25ddc-188e-4336-89f3-089e1f93d7e4.json,e9e25ddc-188e-4336-89f3-089e1f93d7e4.mp4
ea440e43-e23c-449f-9cff-664bd13653c5,Yellow Card,yellow_card,Unsporting Behaviour,Away,Genoa,Como,Serie A,2024-11-07,2024-25,21:20:48:14,21:21:26:14,15,38.0,ea440e43-e23c-449f-9cff-664bd13653c5.json,ea440e43-e23c-449f-9cff-664bd13653c5.mp4
ea9ac554-efca-4213-b57b-c1d9e4da78d7,Yellow Card,yellow_card,Unsporting Behaviour,Home,Cagliari,Monza,Serie A,2025-03-30,2024-25,12:02:49:05,12:03:27:22,15,38.68,ea9ac554-efca-4213-b57b-c1d9e4da78d7.json,ea9ac554-efca-4213-b57b-c1d9e4da78d7.mp4
ed89eba4-ba1f-4e32-94f1-35fd4004d90d,Yellow Card,yellow_card,Violent Behaviour,Away,Hellas Verona,Bologna,Serie A,2025-03-09,2024-25,12:11:36:10,12:12:09:17,15,33.28,ed89eba4-ba1f-4e32-94f1-35fd4004d90d.json,ed89eba4-ba1f-4e32-94f1-35fd4004d90d.mp4
f138cf0b-fd20-4e8b-8307-eff0c308e9ff,Goal,goal,Kick,Home,Hellas Verona,Como,Serie A,2025-05-18,2024-25,20:20:04:23,20:21:24:07,15,79.36,f138cf0b-fd20-4e8b-8307-eff0c308e9ff.json,f138cf0b-fd20-4e8b-8307-eff0c308e9ff.mp4
f1c84a64-ad7a-42a7-a1ef-dcddb9c896e8,Yellow Card,yellow_card,Violent Behaviour,Home,Genoa,Udinese,Serie A,2025-04-04,2024-25,19:51:28:13,19:52:05:05,15,36.68,f1c84a64-ad7a-42a7-a1ef-dcddb9c896e8.json,f1c84a64-ad7a-42a7-a1ef-dcddb9c896e8.mp4
f28598ed-8053-4cdb-88fe-8db0bb27cffe,Goal,goal,Header,Home,Genoa,Monza,Serie A,2025-01-27,2024-25,21:29:04:18,21:30:25:00,15,80.28,f28598ed-8053-4cdb-88fe-8db0bb27cffe.json,f28598ed-8053-4cdb-88fe-8db0bb27cffe.mp4
f395b06a-498a-4843-bddc-987492a8c4bc,Red Card,red_card,Violent Behaviour,Away,Genoa,Lazio,Serie A,2025-04-23,2024-25,18:07:32:07,18:09:34:03,15,121.84,f395b06a-498a-4843-bddc-987492a8c4bc.json,f395b06a-498a-4843-bddc-987492a8c4bc.mp4
f43c580a-7c09-4753-8d49-90f952b530a7,Yellow Card,yellow_card,Violent Behaviour,Away,Udinese,Fiorentina,Serie A,2025-05-25,2024-25,19:59:33:05,20:00:20:12,15,47.28,f43c580a-7c09-4753-8d49-90f952b530a7.json,f43c580a-7c09-4753-8d49-90f952b530a7.mp4
f48ce338-179b-4d35-832d-5948de0833ec,Yellow Card,yellow_card,Unsporting Behaviour,Away,Udinese,Cagliari,Serie A,2024-10-25,2024-25,16:58:58:21,16:59:56:23,15,58.08,f48ce338-179b-4d35-832d-5948de0833ec.json,f48ce338-179b-4d35-832d-5948de0833ec.mp4
f6a154da-8347-4a76-986b-742d3dd95b06,Yellow Card,yellow_card,Protesting,Home,Cagliari,Empoli,Serie A,2024-09-20,2024-25,18:08:05:11,18:08:42:03,15,36.68,f6a154da-8347-4a76-986b-742d3dd95b06.json,f6a154da-8347-4a76-986b-742d3dd95b06.mp4
f7791d15-fc94-4e24-8921-530d9e27d8c3,Yellow Card,yellow_card,Violent Behaviour,,Hellas Verona,Venezia,Serie A,2024-10-04,2024-25,20:20:28:21,20:21:11:00,15,42.16,f7791d15-fc94-4e24-8921-530d9e27d8c3.json,f7791d15-fc94-4e24-8921-530d9e27d8c3.mp4
fa86a027-b427-40e6-a4f7-0b8497066373,Yellow Card,yellow_card,Violent Behaviour,Away,Hellas Verona,Monza,Serie A,2024-10-21,2024-25,19:25:31:00,19:26:08:06,15,37.24,fa86a027-b427-40e6-a4f7-0b8497066373.json,fa86a027-b427-40e6-a4f7-0b8497066373.mp4
fba42dbe-6dfb-4e44-87d0-e2d31a94ad43,Yellow Card,yellow_card,,Home,Cagliari,AS Roma,Serie A,2024-08-18,2024-25,20:31:41:00,20:32:01:06,15,20.24,fba42dbe-6dfb-4e44-87d0-e2d31a94ad43.json,fba42dbe-6dfb-4e44-87d0-e2d31a94ad43.mp4
fc2a248b-40d0-46cc-baad-0b58127e92be,Goal,goal,Header,Home,Genoa,Empoli,Serie A,2025-03-02,2024-25,15:39:39:15,15:40:40:23,15,61.32,fc2a248b-40d0-46cc-baad-0b58127e92be.json,fc2a248b-40d0-46cc-baad-0b58127e92be.mp4
fc5d76b5-4dee-4870-85e4-609c7a2c3eaa,Yellow Card,yellow_card,Protesting,Away,Udinese,Venezia,Serie A,2025-02-01,2024-25,15:49:52:19,15:50:13:03,15,20.36,fc5d76b5-4dee-4870-85e4-609c7a2c3eaa.json,fc5d76b5-4dee-4870-85e4-609c7a2c3eaa.mp4
